SN,PACS_CODE,PACS_NAME,MILL_CODE,MILL_NAME,Distance
1,S1010101,INKARBANDHA,M010101,KRISHNA PADDY ,14.9
2,S1010101,INKARBANDHA,M010401,BABA GANGARAM,21.4
3,S1010101,INKARBANDHA,M010201,MAA MAHESWARI RICE MILL,98.8
4,S1010101,INKARBANDHA,M010302,SARALIA FOODS PVT. LTD,18.9
5,S1010101,INKARBANDHA,M010301,SAI HITECH RICE INDUSTRY,22.6
6,S1010101,INKARBANDHA,M010402,MAA BHAIRABI INDUSTRIES LLP,20.7
7,S1010101,INKARBANDHA,M010303,TULSHI RICETECH PRIVATE LIMITED,19.8
8,S1010102,BENTAPUR,M010101,KRISHNA PADDY ,12.7
9,S1010102,BENTAPUR,M010402,MAA BHAIRABI INDUSTRIES LLP,15.3
10,S1010102,BENTAPUR,M010201,MAA MAHESWARI RICE MILL,98
11,S1010102,BENTAPUR,M010401,BABA GANGARAM,16.1
12,S1010102,BENTAPUR,M010301,SAI HITECH RICE INDUSTRY,21.8
13,S1010102,BENTAPUR,M010303,TULSHI RICETECH PRIVATE LIMITED,9.6
14,S1010102,BENTAPUR,M010302,SARALIA FOODS PVT. LTD,13.5
15,S1010103,RANTALEI,M010301,SAI HITECH RICE INDUSTRY,9.2
16,S1010103,RANTALEI,M010303,TULSHI RICETECH PRIVATE LIMITED,20.6
17,S1010103,RANTALEI,M010302,SARALIA FOODS PVT. LTD,8.2
18,S1010103,RANTALEI,M010402,MAA BHAIRABI INDUSTRIES LLP,10.1
19,S1010103,RANTALEI,M010201,MAA MAHESWARI RICE MILL,85.4
20,S1010103,RANTALEI,M010101,KRISHNA PADDY ,1.7
21,S1010103,RANTALEI,M010401,BABA GANGARAM,10.8
22,S1010104,BADAKERA,M010101,KRISHNA PADDY ,6.8
23,S1010104,BADAKERA,M010301,SAI HITECH RICE INDUSTRY,5
24,S1010104,BADAKERA,M010302,SARALIA FOODS PVT. LTD,10.4
25,S1010104,BADAKERA,M010201,MAA MAHESWARI RICE MILL,81.1
26,S1010104,BADAKERA,M010401,BABA GANGARAM,13
27,S1010104,BADAKERA,M010303,TULSHI RICETECH PRIVATE LIMITED,25.7
28,S1010104,BADAKERA,M010402,MAA BHAIRABI INDUSTRIES LLP,12.3
29,S1010105,KHALGAON,M010303,TULSHI RICETECH PRIVATE LIMITED,31.1
30,S1010105,KHALGAON,M010301,SAI HITECH RICE INDUSTRY,16.8
31,S1010105,KHALGAON,M010401,BABA GANGARAM,24.8
32,S1010105,KHALGAON,M010402,MAA BHAIRABI INDUSTRIES LLP,24.1
33,S1010105,KHALGAON,M010201,MAA MAHESWARI RICE MILL,93
34,S1010105,KHALGAON,M010101,KRISHNA PADDY ,15.7
35,S1010105,KHALGAON,M010302,SARALIA FOODS PVT. LTD,22.3
36,S1010106,KUMURISINGHA,M010101,KRISHNA PADDY ,9.7
37,S1010106,KUMURISINGHA,M010302,SARALIA FOODS PVT. LTD,14.8
38,S1010106,KUMURISINGHA,M010402,MAA BHAIRABI INDUSTRIES LLP,16.6
39,S1010106,KUMURISINGHA,M010401,BABA GANGARAM,17.3
40,S1010106,KUMURISINGHA,M010303,TULSHI RICETECH PRIVATE LIMITED,22.2
41,S1010106,KUMURISINGHA,M010201,MAA MAHESWARI RICE MILL,93.6
42,S1010106,KUMURISINGHA,M010301,SAI HITECH RICE INDUSTRY,17.4
43,S1010107,GADATARAS,M010401,BABA GANGARAM,30.5
44,S1010107,GADATARAS,M010303,TULSHI RICETECH PRIVATE LIMITED,36.8
45,S1010107,GADATARAS,M010201,MAA MAHESWARI RICE MILL,98.7
46,S1010107,GADATARAS,M010301,SAI HITECH RICE INDUSTRY,22.5
47,S1010107,GADATARAS,M010302,SARALIA FOODS PVT. LTD,28
48,S1010107,GADATARAS,M010402,MAA BHAIRABI INDUSTRIES LLP,29.8
49,S1010107,GADATARAS,M010101,KRISHNA PADDY ,21.4
50,S1010108,KHINDA,M010302,SARALIA FOODS PVT. LTD,25.7
51,S1010108,KHINDA,M010402,MAA BHAIRABI INDUSTRIES LLP,27.5
52,S1010108,KHINDA,M010201,MAA MAHESWARI RICE MILL,96.4
53,S1010108,KHINDA,M010301,SAI HITECH RICE INDUSTRY,20.2
54,S1010108,KHINDA,M010101,KRISHNA PADDY ,19.1
55,S1010108,KHINDA,M010401,BABA GANGARAM,28.2
56,S1010108,KHINDA,M010303,TULSHI RICETECH PRIVATE LIMITED,34.6
57,S1010109,BADAKANTHKUL,M010101,KRISHNA PADDY ,24
58,S1010109,BADAKANTHKUL,M010302,SARALIA FOODS PVT. LTD,30.6
59,S1010109,BADAKANTHKUL,M010401,BABA GANGARAM,33.1
60,S1010109,BADAKANTHKUL,M010301,SAI HITECH RICE INDUSTRY,25.1
61,S1010109,BADAKANTHKUL,M010303,TULSHI RICETECH PRIVATE LIMITED,32.6
62,S1010109,BADAKANTHKUL,M010201,MAA MAHESWARI RICE MILL,101
63,S1010109,BADAKANTHKUL,M010402,MAA BHAIRABI INDUSTRIES LLP,32.4
64,S1010110,JAGANNATHPUR,M010101,KRISHNA PADDY ,32.3
65,S1010110,JAGANNATHPUR,M010301,SAI HITECH RICE INDUSTRY,30.5
66,S1010110,JAGANNATHPUR,M010303,TULSHI RICETECH PRIVATE LIMITED,51.8
67,S1010110,JAGANNATHPUR,M010302,SARALIA FOODS PVT. LTD,36
68,S1010110,JAGANNATHPUR,M010401,BABA GANGARAM,38.5
69,S1010110,JAGANNATHPUR,M010201,MAA MAHESWARI RICE MILL,71.5
70,S1010110,JAGANNATHPUR,M010402,MAA BHAIRABI INDUSTRIES LLP,37.8
71,S1010111,TAINSI,M010401,BABA GANGARAM,39.3
72,S1010111,TAINSI,M010302,SARALIA FOODS PVT. LTD,42.6
73,S1010111,TAINSI,M010101,KRISHNA PADDY ,39
74,S1010111,TAINSI,M010402,MAA BHAIRABI INDUSTRIES LLP,40
75,S1010111,TAINSI,M010303,TULSHI RICETECH PRIVATE LIMITED,61
76,S1010111,TAINSI,M010301,SAI HITECH RICE INDUSTRY,28.1
77,S1010111,TAINSI,M010201,MAA MAHESWARI RICE MILL,62.4
78,S1010112,POKTUNGA,M010301,SAI HITECH RICE INDUSTRY,14.6
79,S1010112,POKTUNGA,M010201,MAA MAHESWARI RICE MILL,90.1
80,S1010112,POKTUNGA,M010401,BABA GANGARAM,22.6
81,S1010112,POKTUNGA,M010402,MAA BHAIRABI INDUSTRIES LLP,21.9
82,S1010112,POKTUNGA,M010302,SARALIA FOODS PVT. LTD,20.1
83,S1010112,POKTUNGA,M010101,KRISHNA PADDY ,16.4
84,S1010112,POKTUNGA,M010303,TULSHI RICETECH PRIVATE LIMITED,33.3
85,S1010113,BEDASASAN,M010402,MAA BHAIRABI INDUSTRIES LLP,27.3
86,S1010113,BEDASASAN,M010301,SAI HITECH RICE INDUSTRY,20
87,S1010113,BEDASASAN,M010302,SARALIA FOODS PVT. LTD,25.5
88,S1010113,BEDASASAN,M010303,TULSHI RICETECH PRIVATE LIMITED,23.4
89,S1010113,BEDASASAN,M010401,BABA GANGARAM,28
90,S1010113,BEDASASAN,M010101,KRISHNA PADDY ,18.9
91,S1010113,BEDASASAN,M010201,MAA MAHESWARI RICE MILL,96.2
92,S1010114,KARAMANGASAHI,M010401,BABA GANGARAM,15.8
93,S1010114,KARAMANGASAHI,M010302,SARALIA FOODS PVT. LTD,13.3
94,S1010114,KARAMANGASAHI,M010101,KRISHNA PADDY ,9.6
95,S1010114,KARAMANGASAHI,M010301,SAI HITECH RICE INDUSTRY,7.8
96,S1010114,KARAMANGASAHI,M010303,TULSHI RICETECH PRIVATE LIMITED,28.5
97,S1010114,KARAMANGASAHI,M010402,MAA BHAIRABI INDUSTRIES LLP,15.1
98,S1010114,KARAMANGASAHI,M010201,MAA MAHESWARI RICE MILL,84
99,S1010115,KHALARI,M010303,TULSHI RICETECH PRIVATE LIMITED,12.9
100,S1010115,KHALARI,M010201,MAA MAHESWARI RICE MILL,93.1
101,S1010115,KHALARI,M010401,BABA GANGARAM,12.9
102,S1010115,KHALARI,M010302,SARALIA FOODS PVT. LTD,10.4
103,S1010115,KHALARI,M010101,KRISHNA PADDY ,7.7
104,S1010115,KHALARI,M010402,MAA BHAIRABI INDUSTRIES LLP,12.2
105,S1010115,KHALARI,M010301,SAI HITECH RICE INDUSTRY,16.9
106,S1010116,SARADHAPUR SERVICE COOPERATIVE SOCIETY LTD,M010303,TULSHI RICETECH PRIVATE LIMITED,32.5
107,S1010116,SARADHAPUR SERVICE COOPERATIVE SOCIETY LTD,M010101,KRISHNA PADDY ,13.5
108,S1010116,SARADHAPUR SERVICE COOPERATIVE SOCIETY LTD,M010301,SAI HITECH RICE INDUSTRY,11.7
109,S1010116,SARADHAPUR SERVICE COOPERATIVE SOCIETY LTD,M010201,MAA MAHESWARI RICE MILL,87.9
110,S1010116,SARADHAPUR SERVICE COOPERATIVE SOCIETY LTD,M010402,MAA BHAIRABI INDUSTRIES LLP,19
111,S1010116,SARADHAPUR SERVICE COOPERATIVE SOCIETY LTD,M010302,SARALIA FOODS PVT. LTD,17.2
112,S1010116,SARADHAPUR SERVICE COOPERATIVE SOCIETY LTD,M010401,BABA GANGARAM,19.7
113,S1010202,SANHULLA SCS,M010402,MAA BHAIRABI INDUSTRIES LLP,49.8
114,S1010202,SANHULLA SCS,M010303,TULSHI RICETECH PRIVATE LIMITED,67.7
115,S1010202,SANHULLA SCS,M010301,SAI HITECH RICE INDUSTRY,37.9
116,S1010202,SANHULLA SCS,M010101,KRISHNA PADDY ,48.8
117,S1010202,SANHULLA SCS,M010401,BABA GANGARAM,49.1
118,S1010202,SANHULLA SCS,M010201,MAA MAHESWARI RICE MILL,41.4
119,S1010202,SANHULLA SCS,M010302,SARALIA FOODS PVT. LTD,52.4
120,S1010203,THAKURGARH,M010301,SAI HITECH RICE INDUSTRY,43.9
121,S1010203,THAKURGARH,M010302,SARALIA FOODS PVT. LTD,58.4
122,S1010203,THAKURGARH,M010303,TULSHI RICETECH PRIVATE LIMITED,73.7
123,S1010203,THAKURGARH,M010201,MAA MAHESWARI RICE MILL,32.3
124,S1010203,THAKURGARH,M010401,BABA GANGARAM,55.1
125,S1010203,THAKURGARH,M010101,KRISHNA PADDY ,54.7
126,S1010203,THAKURGARH,M010402,MAA BHAIRABI INDUSTRIES LLP,55.8
127,S1010204,PAIKSAHI SCS,M010201,MAA MAHESWARI RICE MILL,47.8
128,S1010204,PAIKSAHI SCS,M010101,KRISHNA PADDY ,39.3
129,S1010204,PAIKSAHI SCS,M010303,TULSHI RICETECH PRIVATE LIMITED,58.3
130,S1010204,PAIKSAHI SCS,M010301,SAI HITECH RICE INDUSTRY,28.5
131,S1010204,PAIKSAHI SCS,M010402,MAA BHAIRABI INDUSTRIES LLP,40.4
132,S1010204,PAIKSAHI SCS,M010401,BABA GANGARAM,39.7
133,S1010204,PAIKSAHI SCS,M010302,SARALIA FOODS PVT. LTD,43
134,S1010208,KANTAPADA,M010402,MAA BHAIRABI INDUSTRIES LLP,41.6
135,S1010208,KANTAPADA,M010301,SAI HITECH RICE INDUSTRY,29.7
136,S1010208,KANTAPADA,M010101,KRISHNA PADDY ,40.5
137,S1010208,KANTAPADA,M010201,MAA MAHESWARI RICE MILL,48.6
138,S1010208,KANTAPADA,M010401,BABA GANGARAM,40.9
139,S1010208,KANTAPADA,M010303,TULSHI RICETECH PRIVATE LIMITED,59.5
140,S1010208,KANTAPADA,M010302,SARALIA FOODS PVT. LTD,44.2
141,S1010209,AIDA,M010301,SAI HITECH RICE INDUSTRY,69.6
142,S1010209,AIDA,M010302,SARALIA FOODS PVT. LTD,84.1
143,S1010209,AIDA,M010401,BABA GANGARAM,80.8
144,S1010209,AIDA,M010402,MAA BHAIRABI INDUSTRIES LLP,81.5
145,S1010209,AIDA,M010201,MAA MAHESWARI RICE MILL,25.6
146,S1010209,AIDA,M010101,KRISHNA PADDY ,80.4
147,S1010209,AIDA,M010303,TULSHI RICETECH PRIVATE LIMITED,99.4
148,S1010211,KAMPALLA,M010201,MAA MAHESWARI RICE MILL,3.1
149,S1010211,KAMPALLA,M010402,MAA BHAIRABI INDUSTRIES LLP,91.2
150,S1010211,KAMPALLA,M010401,BABA GANGARAM,90.5
151,S1010211,KAMPALLA,M010303,TULSHI RICETECH PRIVATE LIMITED,109
152,S1010211,KAMPALLA,M010302,SARALIA FOODS PVT. LTD,93.8
153,S1010211,KAMPALLA,M010101,KRISHNA PADDY ,90.2
154,S1010211,KAMPALLA,M010301,SAI HITECH RICE INDUSTRY,79.3
155,S1010212,KANDHAPADA,M010302,SARALIA FOODS PVT. LTD,93.4
156,S1010212,KANDHAPADA,M010303,TULSHI RICETECH PRIVATE LIMITED,109
157,S1010212,KANDHAPADA,M010402,MAA BHAIRABI INDUSTRIES LLP,90.8
158,S1010212,KANDHAPADA,M010101,KRISHNA PADDY ,89.7
159,S1010212,KANDHAPADA,M010201,MAA MAHESWARI RICE MILL,4.3
160,S1010212,KANDHAPADA,M010301,SAI HITECH RICE INDUSTRY,78.9
161,S1010212,KANDHAPADA,M010401,BABA GANGARAM,90.1
162,S1010213,MADHAPUR,M010303,TULSHI RICETECH PRIVATE LIMITED,105
163,S1010213,MADHAPUR,M010402,MAA BHAIRABI INDUSTRIES LLP,87.4
164,S1010213,MADHAPUR,M010301,SAI HITECH RICE INDUSTRY,75.5
165,S1010213,MADHAPUR,M010101,KRISHNA PADDY ,86.4
166,S1010213,MADHAPUR,M010401,BABA GANGARAM,86.7
167,S1010213,MADHAPUR,M010302,SARALIA FOODS PVT. LTD,90
168,S1010213,MADHAPUR,M010201,MAA MAHESWARI RICE MILL,0.7
169,S1010214,MALLIPADAR,M010302,SARALIA FOODS PVT. LTD,78.6
170,S1010214,MALLIPADAR,M010401,BABA GANGARAM,75.3
171,S1010214,MALLIPADAR,M010301,SAI HITECH RICE INDUSTRY,64.1
172,S1010214,MALLIPADAR,M010402,MAA BHAIRABI INDUSTRIES LLP,76
173,S1010214,MALLIPADAR,M010201,MAA MAHESWARI RICE MILL,12.1
174,S1010214,MALLIPADAR,M010303,TULSHI RICETECH PRIVATE LIMITED,93.9
175,S1010214,MALLIPADAR,M010101,KRISHNA PADDY ,75
176,S1010217,KIAKATA,M010402,MAA BHAIRABI INDUSTRIES LLP,105
177,S1010217,KIAKATA,M010301,SAI HITECH RICE INDUSTRY,92.9
178,S1010217,KIAKATA,M010401,BABA GANGARAM,104
179,S1010217,KIAKATA,M010201,MAA MAHESWARI RICE MILL,18.4
180,S1010217,KIAKATA,M010101,KRISHNA PADDY ,104
181,S1010217,KIAKATA,M010302,SARALIA FOODS PVT. LTD,107
182,S1010217,KIAKATA,M010303,TULSHI RICETECH PRIVATE LIMITED,123
183,S1010220,BAGHUAKATA,M010401,BABA GANGARAM,77.5
184,S1010220,BAGHUAKATA,M010301,SAI HITECH RICE INDUSTRY,66.3
185,S1010220,BAGHUAKATA,M010201,MAA MAHESWARI RICE MILL,22.3
186,S1010220,BAGHUAKATA,M010101,KRISHNA PADDY ,77.2
187,S1010220,BAGHUAKATA,M010402,MAA BHAIRABI INDUSTRIES LLP,78.2
188,S1010220,BAGHUAKATA,M010302,SARALIA FOODS PVT. LTD,80.9
189,S1010220,BAGHUAKATA,M010303,TULSHI RICETECH PRIVATE LIMITED,96.1
190,S1010221,PURUNAMANATRI,M010302,SARALIA FOODS PVT. LTD,82
191,S1010221,PURUNAMANATRI,M010402,MAA BHAIRABI INDUSTRIES LLP,79.3
192,S1010221,PURUNAMANATRI,M010101,KRISHNA PADDY ,78.3
193,S1010221,PURUNAMANATRI,M010303,TULSHI RICETECH PRIVATE LIMITED,97.2
194,S1010221,PURUNAMANATRI,M010201,MAA MAHESWARI RICE MILL,8.8
195,S1010221,PURUNAMANATRI,M010401,BABA GANGARAM,78.6
196,S1010221,PURUNAMANATRI,M010301,SAI HITECH RICE INDUSTRY,67.4
197,S1010303,TUBEY SCS LTD,M010401,BABA GANGARAM,14.9
198,S1010303,TUBEY SCS LTD,M010201,MAA MAHESWARI RICE MILL,78.5
199,S1010303,TUBEY SCS LTD,M010101,KRISHNA PADDY ,8.7
200,S1010303,TUBEY SCS LTD,M010302,SARALIA FOODS PVT. LTD,12.3
201,S1010303,TUBEY SCS LTD,M010303,TULSHI RICETECH PRIVATE LIMITED,27.6
202,S1010303,TUBEY SCS LTD,M010301,SAI HITECH RICE INDUSTRY,2.3
203,S1010303,TUBEY SCS LTD,M010402,MAA BHAIRABI INDUSTRIES LLP,14.2
204,S1010304,GARAHSANTRI SCS,M010302,SARALIA FOODS PVT. LTD,24
205,S1010304,GARAHSANTRI SCS,M010101,KRISHNA PADDY ,21.3
206,S1010304,GARAHSANTRI SCS,M010301,SAI HITECH RICE INDUSTRY,30.5
207,S1010304,GARAHSANTRI SCS,M010303,TULSHI RICETECH PRIVATE LIMITED,0.6
208,S1010304,GARAHSANTRI SCS,M010401,BABA GANGARAM,26.5
209,S1010304,GARAHSANTRI SCS,M010402,MAA BHAIRABI INDUSTRIES LLP,25.8
210,S1010304,GARAHSANTRI SCS,M010201,MAA MAHESWARI RICE MILL,107
211,S1010305,BUDHAPANK,M010401,BABA GANGARAM,24.7
212,S1010305,BUDHAPANK,M010302,SARALIA FOODS PVT. LTD,22.1
213,S1010305,BUDHAPANK,M010101,KRISHNA PADDY ,21.5
214,S1010305,BUDHAPANK,M010303,TULSHI RICETECH PRIVATE LIMITED,8.8
215,S1010305,BUDHAPANK,M010301,SAI HITECH RICE INDUSTRY,30.6
216,S1010305,BUDHAPANK,M010201,MAA MAHESWARI RICE MILL,107
217,S1010305,BUDHAPANK,M010402,MAA BHAIRABI INDUSTRIES LLP,24
218,S1010306,GARH TALMUL,M010302,SARALIA FOODS PVT. LTD,26.4
219,S1010306,GARH TALMUL,M010101,KRISHNA PADDY ,23.7
220,S1010306,GARH TALMUL,M010402,MAA BHAIRABI INDUSTRIES LLP,28.2
221,S1010306,GARH TALMUL,M010201,MAA MAHESWARI RICE MILL,108
222,S1010306,GARH TALMUL,M010301,SAI HITECH RICE INDUSTRY,32.1
223,S1010306,GARH TALMUL,M010303,TULSHI RICETECH PRIVATE LIMITED,10.6
224,S1010306,GARH TALMUL,M010401,BABA GANGARAM,28.9
225,S1010307,NUAHATA SCS,M010301,SAI HITECH RICE INDUSTRY,29.9
226,S1010307,NUAHATA SCS,M010402,MAA BHAIRABI INDUSTRIES LLP,23.3
227,S1010307,NUAHATA SCS,M010201,MAA MAHESWARI RICE MILL,106
228,S1010307,NUAHATA SCS,M010401,BABA GANGARAM,24
229,S1010307,NUAHATA SCS,M010303,TULSHI RICETECH PRIVATE LIMITED,5.7
230,S1010307,NUAHATA SCS,M010302,SARALIA FOODS PVT. LTD,21.4
231,S1010307,NUAHATA SCS,M010101,KRISHNA PADDY ,20.8
232,S1010308,PHULPADA SCS,M010402,MAA BHAIRABI INDUSTRIES LLP,21.3
233,S1010308,PHULPADA SCS,M010101,KRISHNA PADDY ,16.8
234,S1010308,PHULPADA SCS,M010401,BABA GANGARAM,22
235,S1010308,PHULPADA SCS,M010302,SARALIA FOODS PVT. LTD,19.5
236,S1010308,PHULPADA SCS,M010303,TULSHI RICETECH PRIVATE LIMITED,13.8
237,S1010308,PHULPADA SCS,M010301,SAI HITECH RICE INDUSTRY,26
238,S1010308,PHULPADA SCS,M010201,MAA MAHESWARI RICE MILL,102
239,S1010309,BONDA SCS,M010301,SAI HITECH RICE INDUSTRY,27.2
240,S1010309,BONDA SCS,M010101,KRISHNA PADDY ,18
241,S1010309,BONDA SCS,M010401,BABA GANGARAM,21.2
242,S1010309,BONDA SCS,M010302,SARALIA FOODS PVT. LTD,18.7
243,S1010309,BONDA SCS,M010303,TULSHI RICETECH PRIVATE LIMITED,10.9
244,S1010309,BONDA SCS,M010402,MAA BHAIRABI INDUSTRIES LLP,20.5
245,S1010309,BONDA SCS,M010201,MAA MAHESWARI RICE MILL,103
246,S1010310,BALARAMPRASAD SCS,M010201,MAA MAHESWARI RICE MILL,102
247,S1010310,BALARAMPRASAD SCS,M010401,BABA GANGARAM,19.6
248,S1010310,BALARAMPRASAD SCS,M010301,SAI HITECH RICE INDUSTRY,25.5
249,S1010310,BALARAMPRASAD SCS,M010101,KRISHNA PADDY ,16.4
250,S1010310,BALARAMPRASAD SCS,M010303,TULSHI RICETECH PRIVATE LIMITED,15.2
251,S1010310,BALARAMPRASAD SCS,M010402,MAA BHAIRABI INDUSTRIES LLP,18.9
252,S1010310,BALARAMPRASAD SCS,M010302,SARALIA FOODS PVT. LTD,17
253,S1010311,RANKASINGHA,M010201,MAA MAHESWARI RICE MILL,99.4
254,S1010311,RANKASINGHA,M010301,SAI HITECH RICE INDUSTRY,23.3
255,S1010311,RANKASINGHA,M010401,BABA GANGARAM,17.3
256,S1010311,RANKASINGHA,M010303,TULSHI RICETECH PRIVATE LIMITED,15.7
257,S1010311,RANKASINGHA,M010101,KRISHNA PADDY ,14.1
258,S1010311,RANKASINGHA,M010402,MAA BHAIRABI INDUSTRIES LLP,16.6
259,S1010311,RANKASINGHA,M010302,SARALIA FOODS PVT. LTD,14.8
260,S1010312,QUIO,M010303,TULSHI RICETECH PRIVATE LIMITED,23.7
261,S1010312,QUIO,M010101,KRISHNA PADDY ,12.3
262,S1010312,QUIO,M010401,BABA GANGARAM,12
263,S1010312,QUIO,M010201,MAA MAHESWARI RICE MILL,97.7
264,S1010312,QUIO,M010402,MAA BHAIRABI INDUSTRIES LLP,11.3
265,S1010312,QUIO,M010301,SAI HITECH RICE INDUSTRY,21.5
266,S1010312,QUIO,M010302,SARALIA FOODS PVT. LTD,9.5
267,S1010313,BADAKERJANG SCS,M010302,SARALIA FOODS PVT. LTD,10.7
268,S1010313,BADAKERJANG SCS,M010201,MAA MAHESWARI RICE MILL,79.6
269,S1010313,BADAKERJANG SCS,M010402,MAA BHAIRABI INDUSTRIES LLP,8.5
270,S1010313,BADAKERJANG SCS,M010303,TULSHI RICETECH PRIVATE LIMITED,32.7
271,S1010313,BADAKERJANG SCS,M010401,BABA GANGARAM,7.8
272,S1010313,BADAKERJANG SCS,M010301,SAI HITECH RICE INDUSTRY,5.7
273,S1010313,BADAKERJANG SCS,M010101,KRISHNA PADDY ,14.9
274,S1010401,CHHENDIPADA,M010201,MAA MAHESWARI RICE MILL,95.8
275,S1010401,CHHENDIPADA,M010101,KRISHNA PADDY ,43.1
276,S1010401,CHHENDIPADA,M010401,BABA GANGARAM,35.3
277,S1010401,CHHENDIPADA,M010402,MAA BHAIRABI INDUSTRIES LLP,34.6
278,S1010401,CHHENDIPADA,M010303,TULSHI RICETECH PRIVATE LIMITED,56.4
279,S1010401,CHHENDIPADA,M010301,SAI HITECH RICE INDUSTRY,37.7
280,S1010401,CHHENDIPADA,M010302,SARALIA FOODS PVT. LTD,33.1
281,S1010402,TENTULOI,M010401,BABA GANGARAM,32.7
282,S1010402,TENTULOI,M010201,MAA MAHESWARI RICE MILL,88.8
283,S1010402,TENTULOI,M010402,MAA BHAIRABI INDUSTRIES LLP,32
284,S1010402,TENTULOI,M010301,SAI HITECH RICE INDUSTRY,30.8
285,S1010402,TENTULOI,M010303,TULSHI RICETECH PRIVATE LIMITED,53.7
286,S1010402,TENTULOI,M010101,KRISHNA PADDY ,41.7
287,S1010402,TENTULOI,M010302,SARALIA FOODS PVT. LTD,30.5
288,S1010403,BALIPATA,M010201,MAA MAHESWARI RICE MILL,82.5
289,S1010403,BALIPATA,M010402,MAA BHAIRABI INDUSTRIES LLP,36.8
290,S1010403,BALIPATA,M010302,SARALIA FOODS PVT. LTD,35.3
291,S1010403,BALIPATA,M010401,BABA GANGARAM,37.5
292,S1010403,BALIPATA,M010101,KRISHNA PADDY ,35.3
293,S1010403,BALIPATA,M010303,TULSHI RICETECH PRIVATE LIMITED,54.3
294,S1010403,BALIPATA,M010301,SAI HITECH RICE INDUSTRY,24.5
295,S1010404,PATTAKUMUNDA,M010201,MAA MAHESWARI RICE MILL,93.1
296,S1010404,PATTAKUMUNDA,M010402,MAA BHAIRABI INDUSTRIES LLP,45.4
297,S1010404,PATTAKUMUNDA,M010301,SAI HITECH RICE INDUSTRY,48.4
298,S1010404,PATTAKUMUNDA,M010302,SARALIA FOODS PVT. LTD,43.9
299,S1010404,PATTAKUMUNDA,M010303,TULSHI RICETECH PRIVATE LIMITED,67.1
300,S1010404,PATTAKUMUNDA,M010401,BABA GANGARAM,46.1
301,S1010404,PATTAKUMUNDA,M010101,KRISHNA PADDY ,53.8
302,S1010405,TANGIRI,M010201,MAA MAHESWARI RICE MILL,90.8
303,S1010405,TANGIRI,M010401,BABA GANGARAM,43.8
304,S1010405,TANGIRI,M010302,SARALIA FOODS PVT. LTD,41.6
305,S1010405,TANGIRI,M010101,KRISHNA PADDY ,51.5
306,S1010405,TANGIRI,M010402,MAA BHAIRABI INDUSTRIES LLP,43.1
307,S1010405,TANGIRI,M010301,SAI HITECH RICE INDUSTRY,46.1
308,S1010405,TANGIRI,M010303,TULSHI RICETECH PRIVATE LIMITED,64.8
309,S1010406,BAGEDIA,M010301,SAI HITECH RICE INDUSTRY,44.3
310,S1010406,BAGEDIA,M010303,TULSHI RICETECH PRIVATE LIMITED,62.9
311,S1010406,BAGEDIA,M010401,BABA GANGARAM,41.9
312,S1010406,BAGEDIA,M010201,MAA MAHESWARI RICE MILL,85.8
313,S1010406,BAGEDIA,M010101,KRISHNA PADDY ,49.6
314,S1010406,BAGEDIA,M010302,SARALIA FOODS PVT. LTD,39.7
315,S1010406,BAGEDIA,M010402,MAA BHAIRABI INDUSTRIES LLP,41.2
316,S1010407,RAMACHANDRAPUR,M010101,KRISHNA PADDY ,56.4
317,S1010407,RAMACHANDRAPUR,M010302,SARALIA FOODS PVT. LTD,46.5
318,S1010407,RAMACHANDRAPUR,M010402,MAA BHAIRABI INDUSTRIES LLP,48
319,S1010407,RAMACHANDRAPUR,M010301,SAI HITECH RICE INDUSTRY,51
320,S1010407,RAMACHANDRAPUR,M010303,TULSHI RICETECH PRIVATE LIMITED,69.7
321,S1010407,RAMACHANDRAPUR,M010201,MAA MAHESWARI RICE MILL,96.7
322,S1010407,RAMACHANDRAPUR,M010401,BABA GANGARAM,48.7
323,S1010408,KANKAREI,M010402,MAA BHAIRABI INDUSTRIES LLP,18.4
324,S1010408,KANKAREI,M010301,SAI HITECH RICE INDUSTRY,31.4
325,S1010408,KANKAREI,M010101,KRISHNA PADDY ,26.8
326,S1010408,KANKAREI,M010302,SARALIA FOODS PVT. LTD,16.9
327,S1010408,KANKAREI,M010201,MAA MAHESWARI RICE MILL,99.5
328,S1010408,KANKAREI,M010401,BABA GANGARAM,19.1
329,S1010408,KANKAREI,M010303,TULSHI RICETECH PRIVATE LIMITED,40.1
330,S1010409,PARANGA,M010303,TULSHI RICETECH PRIVATE LIMITED,24.9
331,S1010409,PARANGA,M010101,KRISHNA PADDY ,11.6
332,S1010409,PARANGA,M010301,SAI HITECH RICE INDUSTRY,16.2
333,S1010409,PARANGA,M010201,MAA MAHESWARI RICE MILL,92.4
334,S1010409,PARANGA,M010402,MAA BHAIRABI INDUSTRIES LLP,3.1
335,S1010409,PARANGA,M010302,SARALIA FOODS PVT. LTD,1.7
336,S1010409,PARANGA,M010401,BABA GANGARAM,3.9
337,S1010410,TUKUDA,M010402,MAA BHAIRABI INDUSTRIES LLP,23.4
338,S1010410,TUKUDA,M010401,BABA GANGARAM,22.7
339,S1010410,TUKUDA,M010101,KRISHNA PADDY ,22.4
340,S1010410,TUKUDA,M010301,SAI HITECH RICE INDUSTRY,11.5
341,S1010410,TUKUDA,M010303,TULSHI RICETECH PRIVATE LIMITED,41.3
342,S1010410,TUKUDA,M010201,MAA MAHESWARI RICE MILL,69.6
343,S1010410,TUKUDA,M010302,SARALIA FOODS PVT. LTD,26.1
344,S1010411,KUSHKILA,M010302,SARALIA FOODS PVT. LTD,31.5
345,S1010411,KUSHKILA,M010101,KRISHNA PADDY ,38.5
346,S1010411,KUSHKILA,M010303,TULSHI RICETECH PRIVATE LIMITED,54.8
347,S1010411,KUSHKILA,M010301,SAI HITECH RICE INDUSTRY,27.7
348,S1010411,KUSHKILA,M010401,BABA GANGARAM,33.7
349,S1010411,KUSHKILA,M010402,MAA BHAIRABI INDUSTRIES LLP,33
350,S1010411,KUSHKILA,M010201,MAA MAHESWARI RICE MILL,85.7
351,S1010412,PATRAPADA,M010301,SAI HITECH RICE INDUSTRY,51.6
352,S1010412,PATRAPADA,M010401,BABA GANGARAM,49.2
353,S1010412,PATRAPADA,M010303,TULSHI RICETECH PRIVATE LIMITED,70.3
354,S1010412,PATRAPADA,M010302,SARALIA FOODS PVT. LTD,47
355,S1010412,PATRAPADA,M010201,MAA MAHESWARI RICE MILL,78.8
356,S1010412,PATRAPADA,M010101,KRISHNA PADDY ,56.9
357,S1010412,PATRAPADA,M010402,MAA BHAIRABI INDUSTRIES LLP,48.5
358,S1010413,NUAGAON,M010201,MAA MAHESWARI RICE MILL,86.3
359,S1010413,NUAGAON,M010402,MAA BHAIRABI INDUSTRIES LLP,51.4
360,S1010413,NUAGAON,M010301,SAI HITECH RICE INDUSTRY,54.5
361,S1010413,NUAGAON,M010101,KRISHNA PADDY ,59.8
362,S1010413,NUAGAON,M010303,TULSHI RICETECH PRIVATE LIMITED,73.1
363,S1010413,NUAGAON,M010401,BABA GANGARAM,52.1
364,S1010413,NUAGAON,M010302,SARALIA FOODS PVT. LTD,49.9
365,S1010414,DANGAPAL,M010301,SAI HITECH RICE INDUSTRY,56
366,S1010414,DANGAPAL,M010401,BABA GANGARAM,53.6
367,S1010414,DANGAPAL,M010101,KRISHNA PADDY ,61.3
368,S1010414,DANGAPAL,M010201,MAA MAHESWARI RICE MILL,87.8
369,S1010414,DANGAPAL,M010302,SARALIA FOODS PVT. LTD,51.4
370,S1010414,DANGAPAL,M010303,TULSHI RICETECH PRIVATE LIMITED,74.6
371,S1010414,DANGAPAL,M010402,MAA BHAIRABI INDUSTRIES LLP,52.9
372,S1010415,KOSALA,M010101,KRISHNA PADDY ,30.6
373,S1010415,KOSALA,M010301,SAI HITECH RICE INDUSTRY,31.5
374,S1010415,KOSALA,M010401,BABA GANGARAM,22.9
375,S1010415,KOSALA,M010302,SARALIA FOODS PVT. LTD,20.7
376,S1010415,KOSALA,M010303,TULSHI RICETECH PRIVATE LIMITED,43.9
377,S1010415,KOSALA,M010201,MAA MAHESWARI RICE MILL,89.5
378,S1010415,KOSALA,M010402,MAA BHAIRABI INDUSTRIES LLP,22.2
379,S1010416,BRAHMANABIL,M010303,TULSHI RICETECH PRIVATE LIMITED,49.6
380,S1010416,BRAHMANABIL,M010201,MAA MAHESWARI RICE MILL,93.9
381,S1010416,BRAHMANABIL,M010302,SARALIA FOODS PVT. LTD,26.4
382,S1010416,BRAHMANABIL,M010301,SAI HITECH RICE INDUSTRY,35.9
383,S1010416,BRAHMANABIL,M010101,KRISHNA PADDY ,36.3
384,S1010416,BRAHMANABIL,M010402,MAA BHAIRABI INDUSTRIES LLP,27.9
385,S1010416,BRAHMANABIL,M010401,BABA GANGARAM,28.6
386,S1010417,BARAPADA,M010401,BABA GANGARAM,30.9
387,S1010417,BARAPADA,M010402,MAA BHAIRABI INDUSTRIES LLP,30.2
388,S1010417,BARAPADA,M010301,SAI HITECH RICE INDUSTRY,27.3
389,S1010417,BARAPADA,M010302,SARALIA FOODS PVT. LTD,28.7
390,S1010417,BARAPADA,M010101,KRISHNA PADDY ,38.1
391,S1010417,BARAPADA,M010201,MAA MAHESWARI RICE MILL,85.3
392,S1010417,BARAPADA,M010303,TULSHI RICETECH PRIVATE LIMITED,52
393,S1010418,CHANGUDIA,M010402,MAA BHAIRABI INDUSTRIES LLP,35.1
394,S1010418,CHANGUDIA,M010303,TULSHI RICETECH PRIVATE LIMITED,56.9
395,S1010418,CHANGUDIA,M010301,SAI HITECH RICE INDUSTRY,46.3
396,S1010418,CHANGUDIA,M010101,KRISHNA PADDY ,43.6
397,S1010418,CHANGUDIA,M010201,MAA MAHESWARI RICE MILL,104
398,S1010418,CHANGUDIA,M010401,BABA GANGARAM,35.8
399,S1010418,CHANGUDIA,M010302,SARALIA FOODS PVT. LTD,33.6
400,S1010419,DURGAPUR,M010101,KRISHNA PADDY ,27.1
401,S1010419,DURGAPUR,M010303,TULSHI RICETECH PRIVATE LIMITED,46.1
402,S1010419,DURGAPUR,M010201,MAA MAHESWARI RICE MILL,74.3
403,S1010419,DURGAPUR,M010301,SAI HITECH RICE INDUSTRY,16.2
404,S1010419,DURGAPUR,M010302,SARALIA FOODS PVT. LTD,30.8
405,S1010419,DURGAPUR,M010402,MAA BHAIRABI INDUSTRIES LLP,28.1
406,S1010419,DURGAPUR,M010401,BABA GANGARAM,27.4
407,S1010503,BAJRAKOTE,M010402,MAA BHAIRABI INDUSTRIES LLP,55.3
408,S1010503,BAJRAKOTE,M010401,BABA GANGARAM,56.1
409,S1010503,BAJRAKOTE,M010303,TULSHI RICETECH PRIVATE LIMITED,68
410,S1010503,BAJRAKOTE,M010302,SARALIA FOODS PVT. LTD,53.8
411,S1010503,BAJRAKOTE,M010301,SAI HITECH RICE INDUSTRY,68.4
412,S1010503,BAJRAKOTE,M010101,KRISHNA PADDY ,60.2
413,S1010503,BAJRAKOTE,M010201,MAA MAHESWARI RICE MILL,144
414,S1010504,PARABIL,M010301,SAI HITECH RICE INDUSTRY,64.6
415,S1010504,PARABIL,M010303,TULSHI RICETECH PRIVATE LIMITED,48.5
416,S1010504,PARABIL,M010401,BABA GANGARAM,52.3
417,S1010504,PARABIL,M010101,KRISHNA PADDY ,56.4
418,S1010504,PARABIL,M010201,MAA MAHESWARI RICE MILL,141
419,S1010504,PARABIL,M010302,SARALIA FOODS PVT. LTD,50.1
420,S1010504,PARABIL,M010402,MAA BHAIRABI INDUSTRIES LLP,51.6
421,S1010505,GANDAMALA,M010402,MAA BHAIRABI INDUSTRIES LLP,71.7
422,S1010505,GANDAMALA,M010303,TULSHI RICETECH PRIVATE LIMITED,76.5
423,S1010505,GANDAMALA,M010302,SARALIA FOODS PVT. LTD,70.2
424,S1010505,GANDAMALA,M010201,MAA MAHESWARI RICE MILL,151
425,S1010505,GANDAMALA,M010301,SAI HITECH RICE INDUSTRY,93.2
426,S1010505,GANDAMALA,M010401,BABA GANGARAM,72.4
427,S1010505,GANDAMALA,M010101,KRISHNA PADDY ,76.5
428,S1010506,JARADA,M010101,KRISHNA PADDY ,37.3
429,S1010506,JARADA,M010401,BABA GANGARAM,33.2
430,S1010506,JARADA,M010303,TULSHI RICETECH PRIVATE LIMITED,48.6
431,S1010506,JARADA,M010302,SARALIA FOODS PVT. LTD,31
432,S1010506,JARADA,M010402,MAA BHAIRABI INDUSTRIES LLP,32.5
433,S1010506,JARADA,M010301,SAI HITECH RICE INDUSTRY,45.5
434,S1010506,JARADA,M010201,MAA MAHESWARI RICE MILL,111
435,S1010507,KAKUDIA SCS,M010303,TULSHI RICETECH PRIVATE LIMITED,58.9
436,S1010507,KAKUDIA SCS,M010101,KRISHNA PADDY ,45.6
437,S1010507,KAKUDIA SCS,M010201,MAA MAHESWARI RICE MILL,109
438,S1010507,KAKUDIA SCS,M010301,SAI HITECH RICE INDUSTRY,50.5
439,S1010507,KAKUDIA SCS,M010402,MAA BHAIRABI INDUSTRIES LLP,37.2
440,S1010507,KAKUDIA SCS,M010302,SARALIA FOODS PVT. LTD,35.7
441,S1010507,KAKUDIA SCS,M010401,BABA GANGARAM,37.9
442,S1010508,BIJIGOL SCS,M010301,SAI HITECH RICE INDUSTRY,49.1
443,S1010508,BIJIGOL SCS,M010303,TULSHI RICETECH PRIVATE LIMITED,47
444,S1010508,BIJIGOL SCS,M010201,MAA MAHESWARI RICE MILL,114
445,S1010508,BIJIGOL SCS,M010402,MAA BHAIRABI INDUSTRIES LLP,36.1
446,S1010508,BIJIGOL SCS,M010302,SARALIA FOODS PVT. LTD,34.6
447,S1010508,BIJIGOL SCS,M010401,BABA GANGARAM,36.8
448,S1010508,BIJIGOL SCS,M010101,KRISHNA PADDY ,40.9
449,S1010510,BALIPASI,M010303,TULSHI RICETECH PRIVATE LIMITED,75.2
450,S1010510,BALIPASI,M010201,MAA MAHESWARI RICE MILL,127
451,S1010510,BALIPASI,M010101,KRISHNA PADDY ,73.9
452,S1010510,BALIPASI,M010402,MAA BHAIRABI INDUSTRIES LLP,65.5
453,S1010510,BALIPASI,M010401,BABA GANGARAM,66.2
454,S1010510,BALIPASI,M010301,SAI HITECH RICE INDUSTRY,68.6
455,S1010510,BALIPASI,M010302,SARALIA FOODS PVT. LTD,64
456,S1010511,BURUKUNA,M010201,MAA MAHESWARI RICE MILL,150
457,S1010511,BURUKUNA,M010402,MAA BHAIRABI INDUSTRIES LLP,60.5
458,S1010511,BURUKUNA,M010303,TULSHI RICETECH PRIVATE LIMITED,55.3
459,S1010511,BURUKUNA,M010101,KRISHNA PADDY ,64.4
460,S1010511,BURUKUNA,M010302,SARALIA FOODS PVT. LTD,59
461,S1010511,BURUKUNA,M010301,SAI HITECH RICE INDUSTRY,73.6
462,S1010511,BURUKUNA,M010401,BABA GANGARAM,61.2
463,S1010512,NALAM SCS,M010402,MAA BHAIRABI INDUSTRIES LLP,50.9
464,S1010512,NALAM SCS,M010401,BABA GANGARAM,51.6
465,S1010512,NALAM SCS,M010302,SARALIA FOODS PVT. LTD,49.4
466,S1010512,NALAM SCS,M010201,MAA MAHESWARI RICE MILL,124
467,S1010512,NALAM SCS,M010301,SAI HITECH RICE INDUSTRY,63.9
468,S1010512,NALAM SCS,M010101,KRISHNA PADDY ,55.7
469,S1010512,NALAM SCS,M010303,TULSHI RICETECH PRIVATE LIMITED,63.5
470,S1010601,LUHAMUNDA,M010301,SAI HITECH RICE INDUSTRY,28
471,S1010601,LUHAMUNDA,M010302,SARALIA FOODS PVT. LTD,42.6
472,S1010601,LUHAMUNDA,M010401,BABA GANGARAM,39.2
473,S1010601,LUHAMUNDA,M010402,MAA BHAIRABI INDUSTRIES LLP,39.9
474,S1010601,LUHAMUNDA,M010201,MAA MAHESWARI RICE MILL,52.3
475,S1010601,LUHAMUNDA,M010303,TULSHI RICETECH PRIVATE LIMITED,57.8
476,S1010601,LUHAMUNDA,M010101,KRISHNA PADDY ,38.9
477,S1010602,HIMITIRA SCS LTD,M010402,MAA BHAIRABI INDUSTRIES LLP,74.4
478,S1010602,HIMITIRA SCS LTD,M010301,SAI HITECH RICE INDUSTRY,62.4
479,S1010602,HIMITIRA SCS LTD,M010302,SARALIA FOODS PVT. LTD,77
480,S1010602,HIMITIRA SCS LTD,M010401,BABA GANGARAM,73.6
481,S1010602,HIMITIRA SCS LTD,M010303,TULSHI RICETECH PRIVATE LIMITED,92.3
482,S1010602,HIMITIRA SCS LTD,M010201,MAA MAHESWARI RICE MILL,24
483,S1010602,HIMITIRA SCS LTD,M010101,KRISHNA PADDY ,73.3
484,S1010603,RANIAKATA,M010301,SAI HITECH RICE INDUSTRY,69.2
485,S1010603,RANIAKATA,M010302,SARALIA FOODS PVT. LTD,83.7
486,S1010603,RANIAKATA,M010201,MAA MAHESWARI RICE MILL,16.9
487,S1010603,RANIAKATA,M010401,BABA GANGARAM,80.4
488,S1010603,RANIAKATA,M010101,KRISHNA PADDY ,80.1
489,S1010603,RANIAKATA,M010303,TULSHI RICETECH PRIVATE LIMITED,99
490,S1010603,RANIAKATA,M010402,MAA BHAIRABI INDUSTRIES LLP,81.1
491,S1010604,ANGAPADA SCS,M010401,BABA GANGARAM,64.6
492,S1010604,ANGAPADA SCS,M010302,SARALIA FOODS PVT. LTD,67.9
493,S1010604,ANGAPADA SCS,M010201,MAA MAHESWARI RICE MILL,38.4
494,S1010604,ANGAPADA SCS,M010101,KRISHNA PADDY ,64.2
495,S1010604,ANGAPADA SCS,M010303,TULSHI RICETECH PRIVATE LIMITED,83.2
496,S1010604,ANGAPADA SCS,M010301,SAI HITECH RICE INDUSTRY,53.4
497,S1010604,ANGAPADA SCS,M010402,MAA BHAIRABI INDUSTRIES LLP,65.3
498,S1010605,URUKULA SCS,M010302,SARALIA FOODS PVT. LTD,69.9
499,S1010605,URUKULA SCS,M010401,BABA GANGARAM,66.6
500,S1010605,URUKULA SCS,M010301,SAI HITECH RICE INDUSTRY,55.4
501,S1010605,URUKULA SCS,M010101,KRISHNA PADDY ,66.3
502,S1010605,URUKULA SCS,M010303,TULSHI RICETECH PRIVATE LIMITED,85.2
503,S1010605,URUKULA SCS,M010402,MAA BHAIRABI INDUSTRIES LLP,67.3
504,S1010605,URUKULA SCS,M010201,MAA MAHESWARI RICE MILL,45.4
505,S1010606,BAMUR,M010402,MAA BHAIRABI INDUSTRIES LLP,69.8
506,S1010606,BAMUR,M010401,BABA GANGARAM,69.1
507,S1010606,BAMUR,M010301,SAI HITECH RICE INDUSTRY,57.8
508,S1010606,BAMUR,M010303,TULSHI RICETECH PRIVATE LIMITED,87.7
509,S1010606,BAMUR,M010201,MAA MAHESWARI RICE MILL,32
510,S1010606,BAMUR,M010302,SARALIA FOODS PVT. LTD,72.4
511,S1010606,BAMUR,M010101,KRISHNA PADDY ,68.7
512,S1010607,HANDAPA SCS,M010401,BABA GANGARAM,46.4
513,S1010607,HANDAPA SCS,M010301,SAI HITECH RICE INDUSTRY,35.2
514,S1010607,HANDAPA SCS,M010302,SARALIA FOODS PVT. LTD,49.7
515,S1010607,HANDAPA SCS,M010303,TULSHI RICETECH PRIVATE LIMITED,65
516,S1010607,HANDAPA SCS,M010201,MAA MAHESWARI RICE MILL,54.9
517,S1010607,HANDAPA SCS,M010402,MAA BHAIRABI INDUSTRIES LLP,47.1
518,S1010607,HANDAPA SCS,M010101,KRISHNA PADDY ,46.1
519,S1010608,DHAURAPALI,M010101,KRISHNA PADDY ,75.1
520,S1010608,DHAURAPALI,M010301,SAI HITECH RICE INDUSTRY,64.3
521,S1010608,DHAURAPALI,M010401,BABA GANGARAM,75.5
522,S1010608,DHAURAPALI,M010201,MAA MAHESWARI RICE MILL,25.6
523,S1010608,DHAURAPALI,M010303,TULSHI RICETECH PRIVATE LIMITED,94.1
524,S1010608,DHAURAPALI,M010402,MAA BHAIRABI INDUSTRIES LLP,76.2
525,S1010608,DHAURAPALI,M010302,SARALIA FOODS PVT. LTD,78.8
526,S1010702,NIJIGARH,M010101,KRISHNA PADDY ,96.5
527,S1010702,NIJIGARH,M010402,MAA BHAIRABI INDUSTRIES LLP,91.7
528,S1010702,NIJIGARH,M010302,SARALIA FOODS PVT. LTD,90.2
529,S1010702,NIJIGARH,M010301,SAI HITECH RICE INDUSTRY,105
530,S1010702,NIJIGARH,M010303,TULSHI RICETECH PRIVATE LIMITED,91.5
531,S1010702,NIJIGARH,M010201,MAA MAHESWARI RICE MILL,182
532,S1010702,NIJIGARH,M010401,BABA GANGARAM,92.4
533,S1010703,DIMIRIA,M010201,MAA MAHESWARI RICE MILL,178
534,S1010703,DIMIRIA,M010301,SAI HITECH RICE INDUSTRY,101
535,S1010703,DIMIRIA,M010101,KRISHNA PADDY ,92.6
536,S1010703,DIMIRIA,M010402,MAA BHAIRABI INDUSTRIES LLP,87.8
537,S1010703,DIMIRIA,M010401,BABA GANGARAM,88.5
538,S1010703,DIMIRIA,M010302,SARALIA FOODS PVT. LTD,86.3
539,S1010703,DIMIRIA,M010303,TULSHI RICETECH PRIVATE LIMITED,87.6
540,S1010704,JHARBEDA,M010101,KRISHNA PADDY ,97.5
541,S1010704,JHARBEDA,M010401,BABA GANGARAM,93.4
542,S1010704,JHARBEDA,M010201,MAA MAHESWARI RICE MILL,185
543,S1010704,JHARBEDA,M010302,SARALIA FOODS PVT. LTD,91.2
544,S1010704,JHARBEDA,M010303,TULSHI RICETECH PRIVATE LIMITED,92.5
545,S1010704,JHARBEDA,M010402,MAA BHAIRABI INDUSTRIES LLP,92.7
546,S1010704,JHARBEDA,M010301,SAI HITECH RICE INDUSTRY,106
547,S1010705,SAIDA,M010101,KRISHNA PADDY ,109
548,S1010705,SAIDA,M010302,SARALIA FOODS PVT. LTD,103
549,S1010705,SAIDA,M010402,MAA BHAIRABI INDUSTRIES LLP,104
550,S1010705,SAIDA,M010401,BABA GANGARAM,105
551,S1010705,SAIDA,M010303,TULSHI RICETECH PRIVATE LIMITED,104
552,S1010705,SAIDA,M010201,MAA MAHESWARI RICE MILL,193
553,S1010705,SAIDA,M010301,SAI HITECH RICE INDUSTRY,117
554,S1010706,CHASAGURUJANG,M010402,MAA BHAIRABI INDUSTRIES LLP,105
555,S1010706,CHASAGURUJANG,M010101,KRISHNA PADDY ,110
556,S1010706,CHASAGURUJANG,M010401,BABA GANGARAM,106
557,S1010706,CHASAGURUJANG,M010302,SARALIA FOODS PVT. LTD,103
558,S1010706,CHASAGURUJANG,M010301,SAI HITECH RICE INDUSTRY,118
559,S1010706,CHASAGURUJANG,M010303,TULSHI RICETECH PRIVATE LIMITED,105
560,S1010706,CHASAGURUJANG,M010201,MAA MAHESWARI RICE MILL,173
561,S1010707,KHAMAR,M010401,BABA GANGARAM,69.3
562,S1010707,KHAMAR,M010402,MAA BHAIRABI INDUSTRIES LLP,68.6
563,S1010707,KHAMAR,M010101,KRISHNA PADDY ,73.4
564,S1010707,KHAMAR,M010303,TULSHI RICETECH PRIVATE LIMITED,68.4
565,S1010707,KHAMAR,M010302,SARALIA FOODS PVT. LTD,67.1
566,S1010707,KHAMAR,M010201,MAA MAHESWARI RICE MILL,159
567,S1010707,KHAMAR,M010301,SAI HITECH RICE INDUSTRY,81.7
568,S1010708,SANKHMUR,M010101,KRISHNA PADDY ,76.9
569,S1010708,SANKHMUR,M010302,SARALIA FOODS PVT. LTD,70.6
570,S1010708,SANKHMUR,M010201,MAA MAHESWARI RICE MILL,155
571,S1010708,SANKHMUR,M010303,TULSHI RICETECH PRIVATE LIMITED,71.9
572,S1010708,SANKHMUR,M010301,SAI HITECH RICE INDUSTRY,85.1
573,S1010708,SANKHMUR,M010401,BABA GANGARAM,72.8
574,S1010708,SANKHMUR,M010402,MAA BHAIRABI INDUSTRIES LLP,72.1
575,S1010710,INJIDI,M010303,TULSHI RICETECH PRIVATE LIMITED,63.5
576,S1010710,INJIDI,M010101,KRISHNA PADDY ,72.6
577,S1010710,INJIDI,M010401,BABA GANGARAM,77.3
578,S1010710,INJIDI,M010402,MAA BHAIRABI INDUSTRIES LLP,76.6
579,S1010710,INJIDI,M010301,SAI HITECH RICE INDUSTRY,81.8
580,S1010710,INJIDI,M010302,SARALIA FOODS PVT. LTD,75.1
581,S1010710,INJIDI,M010201,MAA MAHESWARI RICE MILL,158
582,S1010711,MUNDURIBEDA,M010401,BABA GANGARAM,74.2
583,S1010711,MUNDURIBEDA,M010402,MAA BHAIRABI INDUSTRIES LLP,73.5
584,S1010711,MUNDURIBEDA,M010101,KRISHNA PADDY ,78.3
585,S1010711,MUNDURIBEDA,M010201,MAA MAHESWARI RICE MILL,166
586,S1010711,MUNDURIBEDA,M010302,SARALIA FOODS PVT. LTD,72
587,S1010711,MUNDURIBEDA,M010303,TULSHI RICETECH PRIVATE LIMITED,73.3
588,S1010711,MUNDURIBEDA,M010301,SAI HITECH RICE INDUSTRY,86.6
589,S1010712,BADASADA,M010401,BABA GANGARAM,72.8
590,S1010712,BADASADA,M010201,MAA MAHESWARI RICE MILL,163
591,S1010712,BADASADA,M010303,TULSHI RICETECH PRIVATE LIMITED,72
592,S1010712,BADASADA,M010101,KRISHNA PADDY ,77
593,S1010712,BADASADA,M010402,MAA BHAIRABI INDUSTRIES LLP,72.1
594,S1010712,BADASADA,M010302,SARALIA FOODS PVT. LTD,70.6
595,S1010712,BADASADA,M010301,SAI HITECH RICE INDUSTRY,85.2
596,S1010713,KUNJAM SCS,M010402,MAA BHAIRABI INDUSTRIES LLP,69.4
597,S1010713,KUNJAM SCS,M010301,SAI HITECH RICE INDUSTRY,85.8
598,S1010713,KUNJAM SCS,M010201,MAA MAHESWARI RICE MILL,162
599,S1010713,KUNJAM SCS,M010303,TULSHI RICETECH PRIVATE LIMITED,67.5
600,S1010713,KUNJAM SCS,M010401,BABA GANGARAM,70.1
601,S1010713,KUNJAM SCS,M010101,KRISHNA PADDY ,76.6
602,S1010713,KUNJAM SCS,M010302,SARALIA FOODS PVT. LTD,67.9
603,S1010801,GURUJANGULI,M010402,MAA BHAIRABI INDUSTRIES LLP,16.4
604,S1010801,GURUJANGULI,M010101,KRISHNA PADDY ,17.4
605,S1010801,GURUJANGULI,M010401,BABA GANGARAM,17.1
606,S1010801,GURUJANGULI,M010201,MAA MAHESWARI RICE MILL,103
607,S1010801,GURUJANGULI,M010301,SAI HITECH RICE INDUSTRY,26.6
608,S1010801,GURUJANGULI,M010303,TULSHI RICETECH PRIVATE LIMITED,27.7
609,S1010801,GURUJANGULI,M010302,SARALIA FOODS PVT. LTD,14.6
610,S1010804,KANDHAL,M010303,TULSHI RICETECH PRIVATE LIMITED,27.2
611,S1010804,KANDHAL,M010402,MAA BHAIRABI INDUSTRIES LLP,38
612,S1010804,KANDHAL,M010302,SARALIA FOODS PVT. LTD,36.5
613,S1010804,KANDHAL,M010301,SAI HITECH RICE INDUSTRY,40.7
614,S1010804,KANDHAL,M010101,KRISHNA PADDY ,31.5
615,S1010804,KANDHAL,M010401,BABA GANGARAM,38.7
616,S1010804,KANDHAL,M010201,MAA MAHESWARI RICE MILL,117
617,S1010805,DHARAMPUR,M010303,TULSHI RICETECH PRIVATE LIMITED,26.7
618,S1010805,DHARAMPUR,M010401,BABA GANGARAM,40.5
619,S1010805,DHARAMPUR,M010201,MAA MAHESWARI RICE MILL,117
620,S1010805,DHARAMPUR,M010101,KRISHNA PADDY ,31.3
621,S1010805,DHARAMPUR,M010302,SARALIA FOODS PVT. LTD,38.3
622,S1010805,DHARAMPUR,M010301,SAI HITECH RICE INDUSTRY,40.5
623,S1010805,DHARAMPUR,M010402,MAA BHAIRABI INDUSTRIES LLP,39.8
624,S1010807,KALAMACHHUIN,M010401,BABA GANGARAM,40.5
625,S1010807,KALAMACHHUIN,M010303,TULSHI RICETECH PRIVATE LIMITED,26.7
626,S1010807,KALAMACHHUIN,M010302,SARALIA FOODS PVT. LTD,38.3
627,S1010807,KALAMACHHUIN,M010402,MAA BHAIRABI INDUSTRIES LLP,39.8
628,S1010807,KALAMACHHUIN,M010101,KRISHNA PADDY ,31.3
629,S1010807,KALAMACHHUIN,M010201,MAA MAHESWARI RICE MILL,117
630,S1010807,KALAMACHHUIN,M010301,SAI HITECH RICE INDUSTRY,40.5
631,S1010809,BADAJARADA SCS,M010401,BABA GANGARAM,17.1
632,S1010809,BADAJARADA SCS,M010201,MAA MAHESWARI RICE MILL,103
633,S1010809,BADAJARADA SCS,M010402,MAA BHAIRABI INDUSTRIES LLP,16.4
634,S1010809,BADAJARADA SCS,M010301,SAI HITECH RICE INDUSTRY,26.6
635,S1010809,BADAJARADA SCS,M010101,KRISHNA PADDY ,17.4
636,S1010809,BADAJARADA SCS,M010303,TULSHI RICETECH PRIVATE LIMITED,27.7
637,S1010809,BADAJARADA SCS,M010302,SARALIA FOODS PVT. LTD,14.6
638,S1010301,TURANGA,M010402,MAA BHAIRABI INDUSTRIES LLP,11.7
639,S1010301,TURANGA,M010302,SARALIA FOODS PVT. LTD,9.9
640,S1010301,TURANGA,M010101,KRISHNA PADDY ,9.2
641,S1010301,TURANGA,M010303,TULSHI RICETECH PRIVATE LIMITED,11.8
642,S1010301,TURANGA,M010401,BABA GANGARAM,12.4
643,S1010301,TURANGA,M010301,SAI HITECH RICE INDUSTRY,18.4
644,S1010301,TURANGA,M010201,MAA MAHESWARI RICE MILL,94.6
645,S1010302,JARASINGHA,M010201,MAA MAHESWARI RICE MILL,91.6
646,S1010302,JARASINGHA,M010301,SAI HITECH RICE INDUSTRY,15.4
647,S1010302,JARASINGHA,M010303,TULSHI RICETECH PRIVATE LIMITED,21.1
648,S1010302,JARASINGHA,M010401,BABA GANGARAM,4.7
649,S1010302,JARASINGHA,M010101,KRISHNA PADDY ,9
650,S1010302,JARASINGHA,M010402,MAA BHAIRABI INDUSTRIES LLP,4
651,S1010302,JARASINGHA,M010302,SARALIA FOODS PVT. LTD,2.2
652,S1010711,MUNDURIBEDA ,M010301,SAI HITECH RICE INDUSTRY,86.6
653,S1010711,MUNDURIBEDA ,M010101,KRISHNA PADDY ,78.3
654,S1010711,MUNDURIBEDA ,M010201,MAA MAHESWARI RICE MILL,166
655,S1010711,MUNDURIBEDA ,M010401,BABA GANGARAM,74.2
656,S1010711,MUNDURIBEDA ,M010402,MAA BHAIRABI INDUSTRIES LLP,73.5
657,S1010711,MUNDURIBEDA ,M010303,TULSHI RICETECH PRIVATE LIMITED,73.3
658,S1010711,MUNDURIBEDA ,M010302,SARALIA FOODS PVT. LTD,72
659,S1010218,KRUTIBASPUR PACS,M010402,MAA BHAIRABI INDUSTRIES LLP,59.5
660,S1010218,KRUTIBASPUR PACS,M010401,BABA GANGARAM,58.8
661,S1010218,KRUTIBASPUR PACS,M010302,SARALIA FOODS PVT. LTD,62.2
662,S1010218,KRUTIBASPUR PACS,M010303,TULSHI RICETECH PRIVATE LIMITED,77.4
663,S1010218,KRUTIBASPUR PACS,M010201,MAA MAHESWARI RICE MILL,37.6
664,S1010218,KRUTIBASPUR PACS,M010301,SAI HITECH RICE INDUSTRY,47.6
665,S1010218,KRUTIBASPUR PACS,M010101,KRISHNA PADDY ,58.5
666,S1010704,JHARBEDA ,M010201,MAA MAHESWARI RICE MILL,185
667,S1010704,JHARBEDA ,M010101,KRISHNA PADDY ,97.5
668,S1010704,JHARBEDA ,M010303,TULSHI RICETECH PRIVATE LIMITED,92.5
669,S1010704,JHARBEDA ,M010301,SAI HITECH RICE INDUSTRY,106
670,S1010704,JHARBEDA ,M010402,MAA BHAIRABI INDUSTRIES LLP,92.7
671,S1010704,JHARBEDA ,M010401,BABA GANGARAM,93.4
672,S1010704,JHARBEDA ,M010302,SARALIA FOODS PVT. LTD,91.2
